<?xml version="1.0" encoding="UTF-8" standalone="yes"?>
<addon id="plugin.video.playvid"
       name="PlayVid.com (Adult Content)"
       version="1.0.0"
       provider-name="Kasik">
    <requires>
        <import addon="xbmc.python" version="2.1.0"/>
        <import addon="script.module.t0mm0.common" version="1.1.0"/>
    </requires>
    <extension point="xbmc.python.pluginsource"
               library="default.py">
        <provides>video</provides>
    </extension>
    <extension point="xbmc.addon.metadata">
    <summary lang="en">PlayVid Free Porn Videos and Sex Movies - Porn, XXX and Amateur Videos</summary>
    <description lang="en">PlayVid is biggest and hottest XXX &amp; Free Porn website. Updated new users videos EVERY 10 MINUTES. Best designed for mobile devices iPhone, Android.</description>
    <platform>all</platform>
  </extension>
</addon>
