<?xml version="1.0" encoding="UTF-8" standalone="yes"?>
<addon id="plugin.video.filmesonlinegratis"
       name="Filmesonlinegratis"
       version="0.0.1"
       provider-name="Kasik">
    <requires>
        <import addon="xbmc.python" version="2.1.0"/>
		<import addon="script.module.urlresolver"  version="0.0.1"/>
        <import addon="script.module.t0mm0.common" version="1.1.0"/>
		<import addon="script.module.metahandler"  version="1.0.2"/>
		<import addon="script.module.beautifulsoup"/>
    </requires>
    <extension point="xbmc.python.pluginsource"
               library="default.py">
        <provides>video</provides>
    </extension>
    <extension point="xbmc.addon.metadata">
    <summary lang="en">Free Movies Online - Watch Movies Online - Watch Movies Online - Online Movies 2014 - Movies Online Dubbed</summary>
    <description lang="en">Free Movies Online is an online portal for watching online movies. View Movies Online, Watch Movies Online, Watch, 2014 Movies Online, Online Series, No Limit Films Online!</description>
    <platform>all</platform>
  </extension>
</addon>
