<?xml version="1.0" encoding="UTF-8"?>
<addon id="plugin.video.couchtuner"
       name="CouchTuner"
       version="0.1.1A"
       provider-name="Kasik">
    <requires>
        <import addon="xbmc.python" version="2.1.0"/>
		<import addon="script.module.urlresolver"  version="0.0.1"/>
        <import addon="script.module.t0mm0.common" version="1.1.0"/>
		<import addon="script.module.metahandler"  version="1.0.2"/>
		<import addon="script.module.beautifulsoup"/>
    </requires>
    <extension point="xbmc.python.pluginsource"
               library="default.py">
        <provides>video</provides>
    </extension>
    <extension point="xbmc.addon.metadata">
    <summary>Couch Tuner TV Videos FREE: Watch Online Tv Shows</summary>
    <description>Couch Tuner TV Videos FREE: Watch Online Tv Shows</description>
    <platform>all</platform>
  </extension>
</addon>
