<?xml version="1.0" encoding="UTF-8" standalone="yes"?>
<addon id="plugin.video.playvid"
       name="[COLOR blue]PlayVid.com (Adult Content)[/COLOR]"
       version="0.1"
       provider-name="Kasik">
  <requires>
        <import addon="xbmc.python" version="2.1.0"/>
        <import addon="script.module.urlresolver" version="1.0.3"/>
        <import addon="script.module.t0mm0.common" version="1.1.0"/>
		<import addon="script.module.metahandler" version="1.0.1"/>
		<import addon="script.module.beautifulsoup"/>
  </requires>
  <extension point="xbmc.python.pluginsource"
            library="default.py">
        <provides>video</provides>
  </extension>
  <extension point="xbmc.addon.metadata">
    <summary lang="en">PlayVid (Adult)</summary>
    <description lang="en">PlayVid (Adult)</description>
    <platform>all</platform>
  </extension>
</addon>
