<?xml version="1.0" encoding="UTF-8" standalone="yes"?>
<addon id="plugin.video.vdeobull"
       name="VideoBull"
       version="1.0.1"
       provider-name="Kasik">
    <requires>
        <import addon="xbmc.python" version="2.1.0"/>
		<import addon="script.module.urlresolver"  version="0.0.1"/>
        <import addon="script.module.t0mm0.common" version="1.1.0"/>
		<import addon="script.module.metahandler"  version="1.0.2"/>
		<import addon="script.module.beautifulsoup"/>
    </requires>
    <extension point="xbmc.python.pluginsource"
               library="default.py">
        <provides>video</provides>
    </extension>
    <extension point="xbmc.addon.metadata">
    <summary lang="en">Watch Full Episodes Online Free - Latest TV Shows Full series, season | Videobull.com</summary>
    <description lang="en">Watch Full Episodes Online Free - Latest TV Shows Full series, season | Videobull.com</description>
    <platform>all</platform>
  </extension>
</addon>
