<?xml version="1.0" encoding="UTF-8" standalone="yes"?>
<addon id="plugin.video.megabox"
       name="Megabox"
       version="2.0.2"
       provider-name="Kasik">
    <requires>
        <import addon="xbmc.python" version="2.0"/>
		<import addon="script.module.urlresolver"  version="0.0.1"/>
        <import addon="script.module.t0mm0.common" version="1.1.0"/>
		<import addon="script.module.metahandler"  version="1.0.2"/>
		<import addon="script.module.beautifulsoup"/>
    </requires>
    <extension point="xbmc.python.pluginsource"
               library="default.py">
        <provides>video</provides>
    </extension>
    <extension point="xbmc.addon.metadata">
    <summary lang="en">Stream the latest movies from Megabox.Li</summary>
    <description lang="en">View featured movies or Search for any movies that you want to watch online without downloading. Stream your favorite movie just instantly just like megashare all from Megabox.Li</description>
    <platform>all</platform>
  </extension>
</addon>
