<?xml version="1.0" encoding="UTF-8" standalone="yes"?>
<addon id="plugin.video.tvrule"
       name="TVRule"
       version="0.0.2"
       provider-name="Kasik">
    <requires>
        <import addon="xbmc.python" version="2.0"/>
	   <import addon="script.module.urlresolver"  version="0.0.1"/>
        <import addon="script.module.t0mm0.common" version="1.1.0"/>
	   <import addon="script.module.metahandler"  version="1.0.2"/>
	   <import addon="script.module.beautifulsoup"/>
    </requires>
    <extension point="xbmc.python.pluginsource"
               library="default.py">
        <provides>video</provides>
    </extension>
    <extension point="xbmc.addon.metadata">
    <summary lang="en">Watch Latest TV Shows Online Free</summary>
    <description lang="en">Watch Latest TV Shows Online Free</description>
    <platform>all</platform>
  </extension>
</addon>
