<?xml version="1.0" encoding="UTF-8" standalone="yes"?>
<addon id="plugin.video.daretv"
       name="The DareTv"
       version="0.1.2"
       provider-name="Kasik">
    <requires>
        <import addon="xbmc.python" version="2.1.0"/>
		<import addon="script.module.urlresolver"  version="0.0.1"/>
        <import addon="script.module.t0mm0.common" version="1.1.0"/>
		<import addon="script.module.metahandler"  version="1.0.2"/>
		<import addon="script.module.beautifulsoup"/>
    </requires>
    <extension point="xbmc.python.pluginsource"
               library="default.py">
        <provides>video</provides>
    </extension>
    <extension point="xbmc.addon.metadata">
    <summary lang="en">The Dare Tv - Socialize While Watching Your Favorite Tv Shows And Movies</summary>
    <description lang="en">Watch the latest episodes , free tv , the latest shows , latest movies , live tv free on the dare wall , streaming , watch online</description>
    <platform>all</platform>
  </extension>
</addon>
